{
    "type": "minecraft:crafting_shaped",
    "pattern": [
        "IEI",
        "BAB",
		"IRI"
    ],
    "key": {
        "I": {
            "item": "minecraft:glass"
        },
		"E": {
            "item": "minecraft:ender_eye"
        },
		"A": {
            "item": "cobblemon:spell_tag"
        },
        "B": {
            "item": "minecraft:amethyst_shard"
        },
        "R": {
            "item": "minecraft:redstone"
        }
    },
    "result": {
        "item": "cobblemon:ghost_gem"
    }
}
